"annotation_id","annotator","created_at","id","label","lead_time","timeseriesUrl","updated_at"
104,"1","2024-12-29T16:29:18.932032Z",191,"[{""start"":3.8280000000000003,""end"":8.0256,""instant"":false,""timeserieslabels"":[""docked""]},{""start"":0.025666666666666667,""end"":1.0242499999999999,""instant"":false,""timeserieslabels"":[""docked""]},{""start"":10.225999999999999,""end"":12.223,""instant"":false,""timeserieslabels"":[""brushing""]},{""start"":15.02675,""end"":17.024,""instant"":false,""timeserieslabels"":[""brushing""]},{""start"":19.825333333333333,""end"":22.426,""instant"":false,""timeserieslabels"":[""brushing""]},{""start"":24.62425,""end"":27.828,""instant"":false,""timeserieslabels"":[""brushing""]},{""start"":30.025750000000002,""end"":32.624,""instant"":false,""timeserieslabels"":[""brushing""]},{""start"":35.2275,""end"":38.025999999999996,""instant"":false,""timeserieslabels"":[""brushing""]},{""start"":41.224999999999994,""end"":43.628,""instant"":false,""timeserieslabels"":[""brushing""]},{""start"":45.8255,""end"":47.823,""instant"":false,""timeserieslabels"":[""brushing""]},{""start"":50.627,""end"":53.02475,""instant"":false,""timeserieslabels"":[""brushing""]},{""start"":56.0256,""end"":59.02675,""instant"":false,""timeserieslabels"":[""brushing""]},{""start"":62.025,""end"":64.82374999999999,""instant"":false,""timeserieslabels"":[""brushing""]},{""start"":67.6275,""end"":70.426,""instant"":false,""timeserieslabels"":[""brushing""]},{""start"":73.42500000000001,""end"":76.023,""instant"":false,""timeserieslabels"":[""brushing""]},{""start"":79.227,""end"":82.02575,""instant"":false,""timeserieslabels"":[""brushing""]},{""start"":89.62575,""end"":94.027,""instant"":false,""timeserieslabels"":[""brushing""]},{""start"":84.22399999999999,""end"":87.826,""instant"":false,""timeserieslabels"":[""brushing""]}]",167.018,"/data/upload/6/70664ebd-label_S2-S22-S2-F-R-A-40-M-5-A.csv","2024-12-29T16:29:18.932048Z"
105,"1","2024-12-29T16:31:47.880467Z",192,"[{""start"":8.363,""end"":12.16325,""instant"":false,""timeserieslabels"":[""brushing""]},{""start"":0.163,""end"":5.16425,""instant"":false,""timeserieslabels"":[""docked""]},{""start"":16.9645,""end"":20.163249999999998,""instant"":false,""timeserieslabels"":[""brushing""]},{""start"":23.963,""end"":28.36325,""instant"":false,""timeserieslabels"":[""brushing""]},{""start"":34.16575,""end"":37.365,""instant"":false,""timeserieslabels"":[""brushing""]},{""start"":41.76525,""end"":45.16475,""instant"":false,""timeserieslabels"":[""brushing""]},{""start"":50.166,""end"":56.364,""instant"":false,""timeserieslabels"":[""brushing""]},{""start"":61.56525,""end"":66.76366666666667,""instant"":false,""timeserieslabels"":[""brushing""]},{""start"":72.16325,""end"":76.163,""instant"":false,""timeserieslabels"":[""brushing""]},{""start"":80.363,""end"":83.9625,""instant"":false,""timeserieslabels"":[""brushing""]},{""start"":91.16625,""end"":94.36525,""instant"":false,""timeserieslabels"":[""brushing""]},{""start"":109.96525,""end"":116.16466666666668,""instant"":false,""timeserieslabels"":[""brushing""]},{""start"":120.1646,""end"":124.96275,""instant"":false,""timeserieslabels"":[""brushing""]},{""start"":131.16575,""end"":132.96300000000002,""instant"":false,""timeserieslabels"":[""brushing""]},{""start"":143.964,""end"":147.964,""instant"":false,""timeserieslabels"":[""brushing""]},{""start"":153.56375,""end"":158.965,""instant"":false,""timeserieslabels"":[""brushing""]},{""start"":162.16425,""end"":165.7635,""instant"":false,""timeserieslabels"":[""brushing""]},{""start"":170.164,""end"":174.76425,""instant"":false,""timeserieslabels"":[""brushing""]}]",147.128,"/data/upload/6/95f34faa-label_S2-S22-S1-F-R-A-40-M-5-A.csv","2024-12-29T16:31:47.880485Z"
106,"1","2024-12-29T16:33:53.889966Z",193,"[{""start"":7.931,""end"":11.52975,""instant"":false,""timeserieslabels"":[""brushing""]},{""start"":16.730249999999998,""end"":19.528,""instant"":false,""timeserieslabels"":[""brushing""]},{""start"":0.12940000000000002,""end"":5.929,""instant"":false,""timeserieslabels"":[""docked""]},{""start"":22.932,""end"":26.330750000000002,""instant"":false,""timeserieslabels"":[""brushing""]},{""start"":29.529249999999998,""end"":32.928,""instant"":false,""timeserieslabels"":[""brushing""]},{""start"":35.7315,""end"":39.93125,""instant"":false,""timeserieslabels"":[""brushing""]},{""start"":42.52875,""end"":46.72875,""instant"":false,""timeserieslabels"":[""brushing""]},{""start"":50.12775,""end"":53.7315,""instant"":false,""timeserieslabels"":[""brushing""]},{""start"":57.93125,""end"":61.73025,""instant"":false,""timeserieslabels"":[""brushing""]},{""start"":64.929,""end"":68.929,""instant"":false,""timeserieslabels"":[""brushing""]},{""start"":72.33,""end"":75.73125,""instant"":false,""timeserieslabels"":[""brushing""]},{""start"":79.13,""end"":82.9295,""instant"":false,""timeserieslabels"":[""brushing""]},{""start"":86.92925,""end"":90.72825,""instant"":false,""timeserieslabels"":[""brushing""]},{""start"":94.327,""end"":97.53075,""instant"":false,""timeserieslabels"":[""brushing""]},{""start"":100.93,""end"":105.12975,""instant"":false,""timeserieslabels"":[""brushing""]},{""start"":108.12775,""end"":111.92960000000001,""instant"":false,""timeserieslabels"":[""brushing""]},{""start"":115.13075,""end"":119.3305,""instant"":false,""timeserieslabels"":[""brushing""]}]",123.739,"/data/upload/6/7d9b7b1c-label_S2-S21-S3-F-R-A-38-M-5-A.csv","2024-12-29T16:33:53.889985Z"
107,"1","2024-12-29T16:36:50.119477Z",194,"[{""start"":8.467,""end"":12.06625,""instant"":false,""timeserieslabels"":[""brushing""]},{""start"":16.26625,""end"":19.865,""instant"":false,""timeserieslabels"":[""brushing""]},{""start"":24.06475,""end"":29.26525,""instant"":false,""timeserieslabels"":[""brushing""]},{""start"":32.8645,""end"":36.8666,""instant"":false,""timeserieslabels"":[""brushing""]},{""start"":40.468,""end"":44.8685,""instant"":false,""timeserieslabels"":[""brushing""]},{""start"":49.2685,""end"":54.467000000000006,""instant"":false,""timeserieslabels"":[""brushing""]},{""start"":58.269,""end"":62.666333333333334,""instant"":false,""timeserieslabels"":[""brushing""]},{""start"":67.26660000000001,""end"":71.06875,""instant"":false,""timeserieslabels"":[""brushing""]},{""start"":75.26825,""end"":80.266,""instant"":false,""timeserieslabels"":[""brushing""]},{""start"":85.467,""end"":89.4662,""instant"":false,""timeserieslabels"":[""brushing""]},{""start"":93.06775,""end"":96.267,""instant"":false,""timeserieslabels"":[""brushing""]},{""start"":99.866,""end"":103.86625,""instant"":false,""timeserieslabels"":[""brushing""]},{""start"":108.066,""end"":112.06524999999999,""instant"":false,""timeserieslabels"":[""brushing""]},{""start"":115.2666,""end"":120.06700000000001,""instant"":false,""timeserieslabels"":[""brushing""]},{""start"":123.869,""end"":128.06875,""instant"":false,""timeserieslabels"":[""brushing""]},{""start"":132.06775,""end"":135.66674999999998,""instant"":false,""timeserieslabels"":[""brushing""]},{""start"":138.265,""end"":140.66775,""instant"":false,""timeserieslabels"":[""docked""]},{""start"":0.06775,""end"":5.8645000000000005,""instant"":false,""timeserieslabels"":[""docked""]}]",138.691,"/data/upload/6/163da255-label_S2-S21-S2-F-R-A-38-M-5-A.csv","2024-12-29T16:36:50.119501Z"
108,"1","2024-12-29T16:38:22.609607Z",195,"[{""start"":0.154,""end"":5.1552500000000006,""instant"":false,""timeserieslabels"":[""docked""]},{""start"":7.35275,""end"":10.954666666666668,""instant"":false,""timeserieslabels"":[""brushing""]},{""start"":13.35525,""end"":16.9545,""instant"":false,""timeserieslabels"":[""brushing""]},{""start"":19.3548,""end"":23.354,""instant"":false,""timeserieslabels"":[""brushing""]},{""start"":26.355,""end"":29.9545,""instant"":false,""timeserieslabels"":[""brushing""]},{""start"":32.5525,""end"":36.157,""instant"":false,""timeserieslabels"":[""brushing""]},{""start"":38.754999999999995,""end"":42.555,""instant"":false,""timeserieslabels"":[""brushing""]},{""start"":45.15275,""end"":47.9565,""instant"":false,""timeserieslabels"":[""brushing""]},{""start"":50.35425,""end"":53.75325,""instant"":false,""timeserieslabels"":[""brushing""]},{""start"":56.15625,""end"":59.75575,""instant"":false,""timeserieslabels"":[""brushing""]},{""start"":62.554,""end"":65.95325,""instant"":false,""timeserieslabels"":[""brushing""]},{""start"":68.5565,""end"":72.15575,""instant"":false,""timeserieslabels"":[""brushing""]},{""start"":75.15425,""end"":79.35425000000001,""instant"":false,""timeserieslabels"":[""brushing""]},{""start"":82.35300000000001,""end"":86.15299999999999,""instant"":false,""timeserieslabels"":[""brushing""]},{""start"":87.95524999999999,""end"":91.55475,""instant"":false,""timeserieslabels"":[""brushing""]},{""start"":93.75225,""end"":97.156,""instant"":false,""timeserieslabels"":[""brushing""]},{""start"":99.354,""end"":103.55475,""instant"":false,""timeserieslabels"":[""brushing""]}]",91.094,"/data/upload/6/8451fc06-label_S2-S20-S4-M-R-A-24-M-2-A.csv","2024-12-29T16:38:22.609626Z"
109,"1","2024-12-29T16:39:39.194776Z",196,"[{""start"":10.28425,""end"":14.68425,""instant"":false,""timeserieslabels"":[""brushing""]},{""start"":16.882,""end"":20.280749999999998,""instant"":false,""timeserieslabels"":[""brushing""]},{""start"":22.6835,""end"":26.88375,""instant"":false,""timeserieslabels"":[""brushing""]},{""start"":30.483,""end"":34.08225,""instant"":false,""timeserieslabels"":[""brushing""]},{""start"":36.880250000000004,""end"":40.084,""instant"":false,""timeserieslabels"":[""brushing""]},{""start"":43.283,""end"":46.68175,""instant"":false,""timeserieslabels"":[""brushing""]},{""start"":50.28075,""end"":54.48075,""instant"":false,""timeserieslabels"":[""brushing""]},{""start"":57.28425,""end"":61.68475,""instant"":false,""timeserieslabels"":[""brushing""]},{""start"":64.2825,""end"":69.2835,""instant"":false,""timeserieslabels"":[""brushing""]},{""start"":72.482,""end"":77.28275000000001,""instant"":false,""timeserieslabels"":[""brushing""]},{""start"":80.882,""end"":84.882,""instant"":false,""timeserieslabels"":[""brushing""]},{""start"":88.281,""end"":92.6815,""instant"":false,""timeserieslabels"":[""brushing""]},{""start"":95.685,""end"":100.881,""instant"":false,""timeserieslabels"":[""brushing""]},{""start"":103.48425,""end"":108.085,""instant"":false,""timeserieslabels"":[""brushing""]},{""start"":110.483,""end"":115.484,""instant"":false,""timeserieslabels"":[""brushing""]},{""start"":118.4825,""end"":123.88325,""instant"":false,""timeserieslabels"":[""brushing""]},{""start"":0.0825,""end"":7.481,""instant"":false,""timeserieslabels"":[""docked""]}]",74.876,"/data/upload/6/44212d10-label_S2-S20-S3-M-R-A-24-M-2-A.csv","2024-12-29T16:39:39.194795Z"
110,"1","2024-12-29T16:41:27.820805Z",197,"[{""start"":0.1704,""end"":4.573,""instant"":false,""timeserieslabels"":[""docked""]},{""start"":9.76875,""end"":24.771749999999997,""instant"":false,""timeserieslabels"":[""brushing""]},{""start"":31.569,""end"":40.369,""instant"":false,""timeserieslabels"":[""brushing""]},{""start"":45.969750000000005,""end"":54.9705,""instant"":false,""timeserieslabels"":[""brushing""]},{""start"":60.172,""end"":67.77075,""instant"":false,""timeserieslabels"":[""brushing""]},{""start"":71.76975,""end"":85.97125,""instant"":false,""timeserieslabels"":[""brushing""]},{""start"":90.572,""end"":101.9705,""instant"":false,""timeserieslabels"":[""brushing""]},{""start"":106.37049999999999,""end"":117.568,""instant"":false,""timeserieslabels"":[""brushing""]},{""start"":122.969,""end"":132.57,""instant"":false,""timeserieslabels"":[""brushing""]},{""start"":136.56925,""end"":147.5725,""instant"":false,""timeserieslabels"":[""brushing""]},{""start"":151.572,""end"":166.16899999999998,""instant"":false,""timeserieslabels"":[""brushing""]},{""start"":171.16975,""end"":181.9725,""instant"":false,""timeserieslabels"":[""brushing""]},{""start"":187.36875,""end"":196.9695,""instant"":false,""timeserieslabels"":[""brushing""]},{""start"":201.16975,""end"":210.77100000000002,""instant"":false,""timeserieslabels"":[""brushing""]},{""start"":215.37099999999998,""end"":224.571,""instant"":false,""timeserieslabels"":[""brushing""]},{""start"":229.572,""end"":245.77125,""instant"":false,""timeserieslabels"":[""brushing""]},{""start"":250.77224999999999,""end"":259.7703333333333,""instant"":false,""timeserieslabels"":[""brushing""]}]",102.54,"/data/upload/6/a8891617-label_S2-S19-S3-M-R-A-31-M-6-A.csv","2024-12-29T16:41:27.820822Z"
111,"1","2024-12-29T16:43:06.800371Z",198,"[{""start"":0.0698,""end"":6.669499999999999,""instant"":false,""timeserieslabels"":[""docked""]},{""start"":28.069666666666667,""end"":35.07,""instant"":false,""timeserieslabels"":[""brushing""]},{""start"":40.2705,""end"":47.067750000000004,""instant"":false,""timeserieslabels"":[""brushing""]},{""start"":10.26825,""end"":19.6685,""instant"":false,""timeserieslabels"":[""brushing""]},{""start"":50.46939999999999,""end"":69.27,""instant"":false,""timeserieslabels"":[""brushing""]},{""start"":73.46933333333334,""end"":82.069,""instant"":false,""timeserieslabels"":[""brushing""]},{""start"":89.46975,""end"":99.271,""instant"":false,""timeserieslabels"":[""brushing""]},{""start"":103.67125,""end"":109.868,""instant"":false,""timeserieslabels"":[""brushing""]},{""start"":113.868,""end"":122.272,""instant"":false,""timeserieslabels"":[""brushing""]},{""start"":125.67075,""end"":134.671,""instant"":false,""timeserieslabels"":[""brushing""]},{""start"":139.667,""end"":148.6675,""instant"":false,""timeserieslabels"":[""brushing""]},{""start"":152.87033333333332,""end"":164.2705,""instant"":false,""timeserieslabels"":[""brushing""]},{""start"":170.46800000000002,""end"":179.46800000000002,""instant"":false,""timeserieslabels"":[""brushing""]},{""start"":183.668,""end"":191.07125000000002,""instant"":false,""timeserieslabels"":[""brushing""]},{""start"":195.47125,""end"":204.86939999999998,""instant"":false,""timeserieslabels"":[""brushing""]},{""start"":208.47075,""end"":215.66899999999998,""instant"":false,""timeserieslabels"":[""brushing""]}]",97.052,"/data/upload/6/8a8bf5ec-label_S2-S19-S1-M-R-A-31-M-6-A.csv","2024-12-29T16:43:06.800388Z"
112,"1","2024-12-29T16:49:03.234979Z",199,"[{""start"":0.002,""end"":4.197,""instant"":false,""timeserieslabels"":[""docked""]},{""start"":7.196,""end"":11.99625,""instant"":false,""timeserieslabels"":[""brushing""]},{""start"":16.59675,""end"":21.798000000000002,""instant"":false,""timeserieslabels"":[""brushing""]},{""start"":24.596,""end"":33.79675,""instant"":false,""timeserieslabels"":[""brushing""]},{""start"":37.796,""end"":53.999249999999996,""instant"":false,""timeserieslabels"":[""brushing""]},{""start"":58.995,""end"":63.5955,""instant"":false,""timeserieslabels"":[""brushing""]},{""start"":67.4,""end"":73.59700000000001,""instant"":false,""timeserieslabels"":[""brushing""]},{""start"":78.798,""end"":85.19739999999999,""instant"":false,""timeserieslabels"":[""brushing""]},{""start"":87.99799999999999,""end"":90.1955,""instant"":false,""timeserieslabels"":[""brushing""]},{""start"":93.99733333333332,""end"":97.59925,""instant"":false,""timeserieslabels"":[""brushing""]},{""start"":100.99775,""end"":105.99875,""instant"":false,""timeserieslabels"":[""brushing""]},{""start"":108.196,""end"":114.39825,""instant"":false,""timeserieslabels"":[""brushing""]},{""start"":117.79725,""end"":124.79760000000002,""instant"":false,""timeserieslabels"":[""brushing""]},{""start"":128.19875,""end"":132.599,""instant"":false,""timeserieslabels"":[""brushing""]},{""start"":134.99675,""end"":138.596,""instant"":false,""timeserieslabels"":[""brushing""]},{""start"":142.59525,""end"":148.19650000000001,""instant"":false,""timeserieslabels"":[""brushing""]},{""start"":157.3965,""end"":159.199,""instant"":false,""timeserieslabels"":[""docked""]}]",352.357,"/data/upload/6/17f5d396-label_S2-S16-S2-F-R-A-28-M-5-A.csv","2024-12-29T16:49:03.234997Z"
113,"1","2024-12-29T16:50:42.436798Z",200,"[{""start"":0.07225000000000001,""end"":3.6715,""instant"":false,""timeserieslabels"":[""docked""]},{""start"":6.2692499999999995,""end"":13.672,""instant"":false,""timeserieslabels"":[""brushing""]},{""start"":19.471,""end"":25.8705,""instant"":false,""timeserieslabels"":[""brushing""]},{""start"":30.271,""end"":36.07225,""instant"":false,""timeserieslabels"":[""brushing""]},{""start"":41.0704,""end"":49.472,""instant"":false,""timeserieslabels"":[""brushing""]},{""start"":51.87,""end"":59.66875,""instant"":false,""timeserieslabels"":[""brushing""]},{""start"":64.26875,""end"":72.07225,""instant"":false,""timeserieslabels"":[""brushing""]},{""start"":79.47075,""end"":88.47025,""instant"":false,""timeserieslabels"":[""brushing""]},{""start"":91.869,""end"":98.67099999999999,""instant"":false,""timeserieslabels"":[""brushing""]},{""start"":102.27000000000001,""end"":109.07033333333334,""instant"":false,""timeserieslabels"":[""brushing""]},{""start"":112.672,""end"":120.07075,""instant"":false,""timeserieslabels"":[""brushing""]},{""start"":123.46925,""end"":130.07125,""instant"":false,""timeserieslabels"":[""brushing""]},{""start"":133.8705,""end"":142.67000000000002,""instant"":false,""timeserieslabels"":[""brushing""]},{""start"":146.06900000000002,""end"":151.26999999999998,""instant"":false,""timeserieslabels"":[""brushing""]},{""start"":154.4706666666667,""end"":160.66975,""instant"":false,""timeserieslabels"":[""brushing""]},{""start"":164.269,""end"":169.8705,""instant"":false,""timeserieslabels"":[""brushing""]},{""start"":172.27275,""end"":176.868,""instant"":false,""timeserieslabels"":[""brushing""]}]",97.548,"/data/upload/6/37fa0f8b-label_S2-S16-S1-F-R-A-28-M-5-A.csv","2024-12-29T16:50:42.436822Z"
114,"1","2024-12-29T16:52:11.762979Z",201,"[{""start"":0.15,""end"":5.34825,""instant"":false,""timeserieslabels"":[""docked""]},{""start"":9.14775,""end"":13.34725,""instant"":false,""timeserieslabels"":[""brushing""]},{""start"":15.75,""end"":21.549333333333333,""instant"":false,""timeserieslabels"":[""brushing""]},{""start"":25.94725,""end"":33.75125,""instant"":false,""timeserieslabels"":[""brushing""]},{""start"":36.75,""end"":44.74975,""instant"":false,""timeserieslabels"":[""brushing""]},{""start"":48.1485,""end"":53.34975,""instant"":false,""timeserieslabels"":[""brushing""]},{""start"":57.14925,""end"":64.54825,""instant"":false,""timeserieslabels"":[""brushing""]},{""start"":67.947,""end"":75.15075,""instant"":false,""timeserieslabels"":[""brushing""]},{""start"":79.35075,""end"":85.74775,""instant"":false,""timeserieslabels"":[""brushing""]},{""start"":90.548,""end"":93.151,""instant"":false,""timeserieslabels"":[""brushing""]},{""start"":94.94775,""end"":101.5505,""instant"":false,""timeserieslabels"":[""brushing""]},{""start"":103.94825,""end"":112.949,""instant"":false,""timeserieslabels"":[""brushing""]},{""start"":116.949,""end"":123.151,""instant"":false,""timeserieslabels"":[""brushing""]},{""start"":127.75125,""end"":141.14933333333332,""instant"":false,""timeserieslabels"":[""brushing""]},{""start"":144.5505,""end"":149.1505,""instant"":false,""timeserieslabels"":[""brushing""]},{""start"":152.5495,""end"":160.14875,""instant"":false,""timeserieslabels"":[""brushing""]},{""start"":162.75175,""end"":169.14875,""instant"":false,""timeserieslabels"":[""brushing""]},{""start"":171.94933333333333,""end"":178.14925,""instant"":false,""timeserieslabels"":[""brushing""]}]",86.961,"/data/upload/6/67b6c0a6-label_S2-S14-S4-F-R-A-35-M-5-A.csv","2024-12-29T16:52:11.762999Z"
115,"1","2024-12-29T16:53:36.056203Z",202,"[{""start"":0.077,""end"":3.876,""instant"":false,""timeserieslabels"":[""docked""]},{""start"":7.077333333333333,""end"":11.677333333333332,""instant"":false,""timeserieslabels"":[""brushing""]},{""start"":15.47875,""end"":22.277,""instant"":false,""timeserieslabels"":[""brushing""]},{""start"":25.876,""end"":33.8776,""instant"":false,""timeserieslabels"":[""brushing""]},{""start"":38.27766666666667,""end"":47.4774,""instant"":false,""timeserieslabels"":[""brushing""]},{""start"":50.07775,""end"":59.07775,""instant"":false,""timeserieslabels"":[""brushing""]},{""start"":62.876999999999995,""end"":73.67925,""instant"":false,""timeserieslabels"":[""brushing""]},{""start"":77.078,""end"":85.07675,""instant"":false,""timeserieslabels"":[""brushing""]},{""start"":88.27525,""end"":94.07675,""instant"":false,""timeserieslabels"":[""brushing""]},{""start"":98.07625,""end"":106.27525,""instant"":false,""timeserieslabels"":[""brushing""]},{""start"":110.27733333333333,""end"":119.67575000000001,""instant"":false,""timeserieslabels"":[""brushing""]},{""start"":123.47760000000001,""end"":133.67675,""instant"":false,""timeserieslabels"":[""brushing""]},{""start"":139.67875,""end"":154.07766666666666,""instant"":false,""timeserieslabels"":[""brushing""]},{""start"":158.07739999999998,""end"":164.67725000000002,""instant"":false,""timeserieslabels"":[""brushing""]},{""start"":169.27725,""end"":177.07625000000002,""instant"":false,""timeserieslabels"":[""brushing""]},{""start"":180.6783333333333,""end"":186.878,""instant"":false,""timeserieslabels"":[""brushing""]},{""start"":190.47725,""end"":198.8765,""instant"":false,""timeserieslabels"":[""brushing""]}]",78.769,"/data/upload/6/25f9905b-label_S2-S14-S3-F-R-A-35-M-5-A.csv","2024-12-29T16:53:36.056230Z"
116,"1","2024-12-29T16:54:58.040778Z",203,"[{""start"":0.1425,""end"":5.944,""instant"":false,""timeserieslabels"":[""docked""]},{""start"":8.742,""end"":12.343599999999999,""instant"":false,""timeserieslabels"":[""brushing""]},{""start"":13.943000000000001,""end"":18.342750000000002,""instant"":false,""timeserieslabels"":[""brushing""]},{""start"":20.5455,""end"":25.5434,""instant"":false,""timeserieslabels"":[""brushing""]},{""start"":28.144,""end"":32.34375,""instant"":false,""timeserieslabels"":[""brushing""]},{""start"":35.142,""end"":39.542,""instant"":false,""timeserieslabels"":[""brushing""]},{""start"":42.145,""end"":47.144999999999996,""instant"":false,""timeserieslabels"":[""brushing""]},{""start"":50.143,""end"":55.343999999999994,""instant"":false,""timeserieslabels"":[""brushing""]},{""start"":57.942,""end"":63.5435,""instant"":false,""timeserieslabels"":[""brushing""]},{""start"":66.74199999999999,""end"":72.143,""instant"":false,""timeserieslabels"":[""brushing""]},{""start"":76.3425,""end"":82.1435,""instant"":false,""timeserieslabels"":[""brushing""]},{""start"":85.74225,""end"":92.545,""instant"":false,""timeserieslabels"":[""brushing""]},{""start"":97.746,""end"":104.34325,""instant"":false,""timeserieslabels"":[""brushing""]},{""start"":107.94200000000001,""end"":113.34325,""instant"":false,""timeserieslabels"":[""brushing""]},{""start"":116.54175000000001,""end"":122.94425,""instant"":false,""timeserieslabels"":[""brushing""]},{""start"":125.742,""end"":129.74125,""instant"":false,""timeserieslabels"":[""brushing""]},{""start"":132.34425,""end"":138.34359999999998,""instant"":false,""timeserieslabels"":[""brushing""]}]",80.405,"/data/upload/6/f500b320-label_S2-S14-S1-F-R-A-35-M-5-A.csv","2024-12-29T16:54:58.040799Z"
117,"1","2024-12-29T16:56:32.506838Z",204,"[{""start"":0.14825,""end"":6.35,""instant"":false,""timeserieslabels"":[""docked""]},{""start"":9.148,""end"":15.54525,""instant"":false,""timeserieslabels"":[""brushing""]},{""start"":19.349,""end"":25.94675,""instant"":false,""timeserieslabels"":[""brushing""]},{""start"":29.546,""end"":35.948,""instant"":false,""timeserieslabels"":[""brushing""]},{""start"":39.1465,""end"":44.14725,""instant"":false,""timeserieslabels"":[""brushing""]},{""start"":46.94525,""end"":51.54575,""instant"":false,""timeserieslabels"":[""brushing""]},{""start"":54.348749999999995,""end"":59.74739999999999,""instant"":false,""timeserieslabels"":[""brushing""]},{""start"":62.1475,""end"":68.54733333333333,""instant"":false,""timeserieslabels"":[""brushing""]},{""start"":71.548,""end"":76.549,""instant"":false,""timeserieslabels"":[""brushing""]},{""start"":79.54725,""end"":83.94725,""instant"":false,""timeserieslabels"":[""brushing""]},{""start"":86.54733333333333,""end"":93.948,""instant"":false,""timeserieslabels"":[""brushing""]},{""start"":96.94624999999999,""end"":103.949,""instant"":false,""timeserieslabels"":[""brushing""]},{""start"":106.94749999999999,""end"":111.74825,""instant"":false,""timeserieslabels"":[""brushing""]},{""start"":114.14625,""end"":120.54875,""instant"":false,""timeserieslabels"":[""brushing""]},{""start"":123.547,""end"":128.34725,""instant"":false,""timeserieslabels"":[""brushing""]},{""start"":130.54739999999998,""end"":137.7475,""instant"":false,""timeserieslabels"":[""brushing""]},{""start"":140.34575,""end"":147.14825,""instant"":false,""timeserieslabels"":[""brushing""]}]",92.465,"/data/upload/6/ffc08fa3-label_S2-S13-S2-F-R-A-30-M-5-A.csv","2024-12-29T16:56:32.506888Z"
118,"1","2024-12-29T16:58:04.684213Z",205,"[{""start"":0.1325,""end"":6.134,""instant"":false,""timeserieslabels"":[""docked""]},{""start"":7.933666666666667,""end"":9.1325,""instant"":false,""timeserieslabels"":[""brushing""]},{""start"":10.534,""end"":12.13575,""instant"":false,""timeserieslabels"":[""brushing""]},{""start"":13.332,""end"":14.73375,""instant"":false,""timeserieslabels"":[""brushing""]},{""start"":16.13525,""end"":17.732,""instant"":false,""timeserieslabels"":[""brushing""]},{""start"":19.53425,""end"":20.9334,""instant"":false,""timeserieslabels"":[""brushing""]},{""start"":22.3325,""end"":24.13425,""instant"":false,""timeserieslabels"":[""brushing""]},{""start"":25.53333333333333,""end"":27.3325,""instant"":false,""timeserieslabels"":[""brushing""]},{""start"":28.933999999999997,""end"":30.536,""instant"":false,""timeserieslabels"":[""brushing""]},{""start"":31.7325,""end"":33.53475,""instant"":false,""timeserieslabels"":[""brushing""]},{""start"":34.735749999999996,""end"":36.733000000000004,""instant"":false,""timeserieslabels"":[""brushing""]},{""start"":37.534,""end"":39.13575,""instant"":false,""timeserieslabels"":[""brushing""]},{""start"":40.332,""end"":41.934,""instant"":false,""timeserieslabels"":[""brushing""]},{""start"":43.5355,""end"":44.732,""instant"":false,""timeserieslabels"":[""brushing""]},{""start"":46.13375,""end"":47.53525,""instant"":false,""timeserieslabels"":[""brushing""]},{""start"":49.132,""end"":50.533249999999995,""instant"":false,""timeserieslabels"":[""brushing""]},{""start"":52.13525,""end"":53.732,""instant"":false,""timeserieslabels"":[""brushing""]},{""start"":54.73325,""end"":58.733,""instant"":false,""timeserieslabels"":[""docked""]}]",89.952,"/data/upload/6/13dcab32-label_S2-S12-S4-F-R-A-32-M-5-A.csv","2024-12-29T16:58:04.684233Z"
119,"1","2024-12-29T17:00:08.436217Z",206,"[{""start"":0.0794,""end"":6.4795,""instant"":false,""timeserieslabels"":[""docked""]},{""start"":8.0815,""end"":9.678,""instant"":false,""timeserieslabels"":[""brushing""]},{""start"":11.07975,""end"":12.879,""instant"":false,""timeserieslabels"":[""brushing""]},{""start"":14.4785,""end"":16.2805,""instant"":false,""timeserieslabels"":[""brushing""]},{""start"":17.6796,""end"":19.479,""instant"":false,""timeserieslabels"":[""brushing""]},{""start"":21.278666666666666,""end"":22.4775,""instant"":false,""timeserieslabels"":[""brushing""]},{""start"":24.48,""end"":26.2794,""instant"":false,""timeserieslabels"":[""brushing""]},{""start"":27.87875,""end"":29.280250000000002,""instant"":false,""timeserieslabels"":[""brushing""]},{""start"":31.080000000000002,""end"":32.47925,""instant"":false,""timeserieslabels"":[""brushing""]},{""start"":34.480999999999995,""end"":35.67775,""instant"":false,""timeserieslabels"":[""brushing""]},{""start"":37.480000000000004,""end"":38.88125,""instant"":false,""timeserieslabels"":[""brushing""]},{""start"":40.47775,""end"":42.48,""instant"":false,""timeserieslabels"":[""brushing""]},{""start"":44.47933333333333,""end"":46.07875,""instant"":false,""timeserieslabels"":[""brushing""]},{""start"":47.881,""end"":50.078,""instant"":false,""timeserieslabels"":[""brushing""]},{""start"":51.68025,""end"":53.279399999999995,""instant"":false,""timeserieslabels"":[""brushing""]},{""start"":55.079,""end"":56.881,""instant"":false,""timeserieslabels"":[""brushing""]},{""start"":58.27775,""end"":60.48,""instant"":false,""timeserieslabels"":[""brushing""]},{""start"":62.0815,""end"":64.479,""instant"":false,""timeserieslabels"":[""docked""]}]",95.432,"/data/upload/6/7b4e490c-label_S2-S12-S3-F-R-A-32-M-5-A.csv","2024-12-29T17:00:08.436234Z"
120,"1","2024-12-29T17:01:30.673865Z",207,"[{""start"":0.10300000000000001,""end"":4.70375,""instant"":false,""timeserieslabels"":[""docked""]},{""start"":6.506,""end"":8.1025,""instant"":false,""timeserieslabels"":[""brushing""]},{""start"":9.90475,""end"":11.501249999999999,""instant"":false,""timeserieslabels"":[""brushing""]},{""start"":13.303,""end"":15.105,""instant"":false,""timeserieslabels"":[""brushing""]},{""start"":16.502,""end"":18.704,""instant"":false,""timeserieslabels"":[""brushing""]},{""start"":19.505,""end"":21.30225,""instant"":false,""timeserieslabels"":[""brushing""]},{""start"":23.104,""end"":24.9036,""instant"":false,""timeserieslabels"":[""brushing""]},{""start"":26.503,""end"":28.50525,""instant"":false,""timeserieslabels"":[""brushing""]},{""start"":29.902,""end"":31.50375,""instant"":false,""timeserieslabels"":[""brushing""]},{""start"":33.303333333333335,""end"":34.90275,""instant"":false,""timeserieslabels"":[""brushing""]},{""start"":36.50425,""end"":38.101,""instant"":false,""timeserieslabels"":[""brushing""]},{""start"":39.90275,""end"":41.50475,""instant"":false,""timeserieslabels"":[""brushing""]},{""start"":43.10366666666667,""end"":44.90325,""instant"":false,""timeserieslabels"":[""brushing""]},{""start"":47.1034,""end"":48.7025,""instant"":false,""timeserieslabels"":[""brushing""]},{""start"":50.104,""end"":51.903600000000004,""instant"":false,""timeserieslabels"":[""brushing""]},{""start"":53.303,""end"":55.7055,""instant"":false,""timeserieslabels"":[""brushing""]},{""start"":57.10175,""end"":59.104,""instant"":false,""timeserieslabels"":[""brushing""]},{""start"":60.506,""end"":63.504,""instant"":false,""timeserieslabels"":[""docked""]}]",80.298,"/data/upload/6/51c3cd35-label_S2-S12-S2-F-R-A-32-M-5-A.csv","2024-12-29T17:01:30.673890Z"
121,"1","2024-12-29T17:02:43.767591Z",208,"[{""start"":0.09325,""end"":5.494,""instant"":false,""timeserieslabels"":[""docked""]},{""start"":9.29325,""end"":15.295,""instant"":false,""timeserieslabels"":[""brushing""]},{""start"":19.2945,""end"":26.092,""instant"":false,""timeserieslabels"":[""brushing""]},{""start"":31.292250000000003,""end"":37.4945,""instant"":false,""timeserieslabels"":[""brushing""]},{""start"":41.8945,""end"":49.493,""instant"":false,""timeserieslabels"":[""brushing""]},{""start"":54.29325,""end"":62.092,""instant"":false,""timeserieslabels"":[""brushing""]},{""start"":66.49225,""end"":72.494,""instant"":false,""timeserieslabels"":[""brushing""]},{""start"":77.4945,""end"":83.49366666666667,""instant"":false,""timeserieslabels"":[""brushing""]},{""start"":88.29125,""end"":95.895,""instant"":false,""timeserieslabels"":[""brushing""]},{""start"":100.4945,""end"":109.4945,""instant"":false,""timeserieslabels"":[""brushing""]},{""start"":114.29475000000001,""end"":125.69200000000001,""instant"":false,""timeserieslabels"":[""brushing""]},{""start"":131.49375,""end"":139.89374999999998,""instant"":false,""timeserieslabels"":[""brushing""]},{""start"":144.09325,""end"":149.695,""instant"":false,""timeserieslabels"":[""brushing""]},{""start"":154.89600000000002,""end"":160.89249999999998,""instant"":false,""timeserieslabels"":[""brushing""]},{""start"":165.29274999999998,""end"":171.49450000000002,""instant"":false,""timeserieslabels"":[""brushing""]},{""start"":175.09300000000002,""end"":182.69175,""instant"":false,""timeserieslabels"":[""brushing""]},{""start"":186.09550000000002,""end"":192.69325,""instant"":false,""timeserieslabels"":[""brushing""]}]",70.954,"/data/upload/6/41d60c62-label_S2-S9-S2-M-R-A-30-M-2-A.csv","2024-12-29T17:02:43.767612Z"
122,"1","2024-12-29T17:04:33.863223Z",209,"[{""start"":0.16275,""end"":5.76,""instant"":false,""timeserieslabels"":[""docked""]},{""start"":11.960999999999999,""end"":17.16225,""instant"":false,""timeserieslabels"":[""brushing""]},{""start"":20.561,""end"":26.363,""instant"":false,""timeserieslabels"":[""brushing""]},{""start"":29.56125,""end"":35.961400000000005,""instant"":false,""timeserieslabels"":[""brushing""]},{""start"":39.563,""end"":44.959,""instant"":false,""timeserieslabels"":[""brushing""]},{""start"":49.16375,""end"":55.5605,""instant"":false,""timeserieslabels"":[""brushing""]},{""start"":58.7616,""end"":65.1615,""instant"":false,""timeserieslabels"":[""brushing""]},{""start"":68.96075,""end"":74.562,""instant"":false,""timeserieslabels"":[""brushing""]},{""start"":78.562,""end"":85.3595,""instant"":false,""timeserieslabels"":[""brushing""]},{""start"":88.96133333333334,""end"":94.35975,""instant"":false,""timeserieslabels"":[""brushing""]},{""start"":98.1614,""end"":102.564,""instant"":false,""timeserieslabels"":[""brushing""]},{""start"":106.76325,""end"":111.9616,""instant"":false,""timeserieslabels"":[""brushing""]},{""start"":115.76325,""end"":120.95975,""instant"":false,""timeserieslabels"":[""brushing""]},{""start"":124.95975,""end"":129.96075,""instant"":false,""timeserieslabels"":[""brushing""]},{""start"":133.75975,""end"":140.763,""instant"":false,""timeserieslabels"":[""brushing""]},{""start"":144.563,""end"":150.55975,""instant"":false,""timeserieslabels"":[""brushing""]},{""start"":154.3618,""end"":159.55975,""instant"":false,""timeserieslabels"":[""brushing""]}]",72.737,"/data/upload/6/dcfbb54e-label_S2-S9-S1-M-R-A-30-M-2-A.csv","2024-12-29T17:04:33.863246Z"
123,"1","2024-12-29T17:05:53.769655Z",210,"[{""start"":1.569,""end"":8.367999999999999,""instant"":false,""timeserieslabels"":[""docked""]},{""start"":10.167666666666667,""end"":17.967333333333332,""instant"":false,""timeserieslabels"":[""brushing""]},{""start"":20.567999999999998,""end"":26.966250000000002,""instant"":false,""timeserieslabels"":[""brushing""]},{""start"":28.769,""end"":37.56766666666667,""instant"":false,""timeserieslabels"":[""brushing""]},{""start"":40.969,""end"":47.76825,""instant"":false,""timeserieslabels"":[""brushing""]},{""start"":49.766000000000005,""end"":54.967,""instant"":false,""timeserieslabels"":[""brushing""]},{""start"":57.76575,""end"":65.7655,""instant"":false,""timeserieslabels"":[""brushing""]},{""start"":68.36875,""end"":74.96724999999999,""instant"":false,""timeserieslabels"":[""brushing""]},{""start"":77.76575,""end"":85.16550000000001,""instant"":false,""timeserieslabels"":[""brushing""]},{""start"":87.16825,""end"":94.36725,""instant"":false,""timeserieslabels"":[""brushing""]},{""start"":98.56775,""end"":105.366,""instant"":false,""timeserieslabels"":[""brushing""]},{""start"":109.166,""end"":115.369,""instant"":false,""timeserieslabels"":[""brushing""]},{""start"":118.96875,""end"":126.96875,""instant"":false,""timeserieslabels"":[""brushing""]},{""start"":130.56799999999998,""end"":137.16625,""instant"":false,""timeserieslabels"":[""brushing""]},{""start"":139.16899999999998,""end"":147.56975,""instant"":false,""timeserieslabels"":[""brushing""]},{""start"":150.368,""end"":157.36700000000002,""instant"":false,""timeserieslabels"":[""brushing""]},{""start"":160.56674999999998,""end"":167.76600000000002,""instant"":false,""timeserieslabels"":[""brushing""]}]",76.798,"/data/upload/6/15e1782f-label_S2-S6-S4-M-R-A-30-M-2-A.csv","2024-12-29T17:05:53.769673Z"
124,"1","2024-12-29T17:07:03.363650Z",211,"[{""start"":8.02725,""end"":16.427,""instant"":false,""timeserieslabels"":[""brushing""]},{""start"":20.0265,""end"":29.62775,""instant"":false,""timeserieslabels"":[""brushing""]},{""start"":32.22575,""end"":43.829750000000004,""instant"":false,""timeserieslabels"":[""brushing""]},{""start"":47.229,""end"":54.828,""instant"":false,""timeserieslabels"":[""brushing""]},{""start"":57.22575,""end"":63.62875,""instant"":false,""timeserieslabels"":[""brushing""]},{""start"":67.42825,""end"":76.82925,""instant"":false,""timeserieslabels"":[""brushing""]},{""start"":80.62899999999999,""end"":86.62625,""instant"":false,""timeserieslabels"":[""brushing""]},{""start"":90.626,""end"":97.22925,""instant"":false,""timeserieslabels"":[""brushing""]},{""start"":100.629,""end"":107.42750000000001,""instant"":false,""timeserieslabels"":[""brushing""]},{""start"":111.027,""end"":117.22666666666667,""instant"":false,""timeserieslabels"":[""brushing""]},{""start"":120.22800000000001,""end"":125.42925,""instant"":false,""timeserieslabels"":[""brushing""]},{""start"":129.029,""end"":135.02625,""instant"":false,""timeserieslabels"":[""brushing""]},{""start"":138.628,""end"":145.62900000000002,""instant"":false,""timeserieslabels"":[""brushing""]},{""start"":148.0275,""end"":155.62725,""instant"":false,""timeserieslabels"":[""brushing""]},{""start"":159.02675,""end"":165.825,""instant"":false,""timeserieslabels"":[""brushing""]},{""start"":168.028,""end"":173.6276,""instant"":false,""timeserieslabels"":[""brushing""]}]",67.441,"/data/upload/6/4fb34330-label_S2-S6-S3-M-R-A-30-M-2-A.csv","2024-12-29T17:07:03.363668Z"
125,"1","2024-12-29T17:08:22.622674Z",212,"[{""start"":0.12775,""end"":4.926333333333333,""instant"":false,""timeserieslabels"":[""docked""]},{""start"":6.92675,""end"":11.92775,""instant"":false,""timeserieslabels"":[""brushing""]},{""start"":15.327,""end"":21.524749999999997,""instant"":false,""timeserieslabels"":[""brushing""]},{""start"":26.32575,""end"":33.9245,""instant"":false,""timeserieslabels"":[""brushing""]},{""start"":36.928,""end"":43.927,""instant"":false,""timeserieslabels"":[""brushing""]},{""start"":46.5255,""end"":52.92633333333333,""instant"":false,""timeserieslabels"":[""brushing""]},{""start"":56.328,""end"":64.52633333333334,""instant"":false,""timeserieslabels"":[""brushing""]},{""start"":68.128,""end"":74.926,""instant"":false,""timeserieslabels"":[""brushing""]},{""start"":78.32525,""end"":85.12633333333333,""instant"":false,""timeserieslabels"":[""brushing""]},{""start"":88.12774999999999,""end"":95.72675,""instant"":false,""timeserieslabels"":[""brushing""]},{""start"":98.7255,""end"":104.72775,""instant"":false,""timeserieslabels"":[""brushing""]},{""start"":107.12575,""end"":113.32666666666667,""instant"":false,""timeserieslabels"":[""brushing""]},{""start"":116.128,""end"":122.92575000000001,""instant"":false,""timeserieslabels"":[""brushing""]},{""start"":125.52640000000001,""end"":131.326,""instant"":false,""timeserieslabels"":[""brushing""]},{""start"":134.12425000000002,""end"":141.128,""instant"":false,""timeserieslabels"":[""brushing""]},{""start"":143.72625,""end"":148.72725,""instant"":false,""timeserieslabels"":[""brushing""]},{""start"":151.125,""end"":156.5275,""instant"":false,""timeserieslabels"":[""brushing""]}]",73.178,"/data/upload/6/c9408bb8-label_S2-S6-S2-M-R-A-30-M-2-A.csv","2024-12-29T17:08:22.622691Z"
126,"1","2024-12-29T17:38:22.797050Z",213,"[{""start"":10.686,""end"":19.68466666666667,""instant"":false,""timeserieslabels"":[""brushing""]},{""start"":0.08324999999999999,""end"":7.284666666666666,""instant"":false,""timeserieslabels"":[""docked""]},{""start"":24.483249999999998,""end"":33.0845,""instant"":false,""timeserieslabels"":[""brushing""]},{""start"":38.6865,""end"":46.8844,""instant"":false,""timeserieslabels"":[""brushing""]},{""start"":51.6825,""end"":58.48625,""instant"":false,""timeserieslabels"":[""brushing""]},{""start"":62.887,""end"":69.68575,""instant"":false,""timeserieslabels"":[""brushing""]},{""start"":73.88675,""end"":82.48225,""instant"":false,""timeserieslabels"":[""brushing""]},{""start"":87.684,""end"":96.88525,""instant"":false,""timeserieslabels"":[""brushing""]},{""start"":100.08475,""end"":107.684,""instant"":false,""timeserieslabels"":[""brushing""]},{""start"":111.48400000000001,""end"":120.886,""instant"":false,""timeserieslabels"":[""brushing""]},{""start"":124.88675,""end"":132.28575,""instant"":false,""timeserieslabels"":[""brushing""]},{""start"":136.08525,""end"":143.485,""instant"":false,""timeserieslabels"":[""brushing""]},{""start"":147.085,""end"":153.88325,""instant"":false,""timeserieslabels"":[""brushing""]},{""start"":157.88299999999998,""end"":164.887,""instant"":false,""timeserieslabels"":[""brushing""]},{""start"":167.6855,""end"":174.48425,""instant"":false,""timeserieslabels"":[""brushing""]},{""start"":178.084,""end"":184.88225,""instant"":false,""timeserieslabels"":[""brushing""]},{""start"":187.886,""end"":192.88466666666667,""instant"":false,""timeserieslabels"":[""brushing""]},{""start"":196.88225,""end"":198.284,""instant"":false,""timeserieslabels"":[""docked""]}]",91.131,"/data/upload/6/db7e5044-label_S2-S6-S1-M-R-A-30-M-2-A.csv","2024-12-29T17:38:22.797077Z"
127,"1","2024-12-29T17:40:38.444344Z",214,"[{""start"":0.04275,""end"":5.8445,""instant"":false,""timeserieslabels"":[""docked""]},{""start"":7.842,""end"":9.844000000000001,""instant"":false,""timeserieslabels"":[""brushing""]},{""start"":11.64125,""end"":13.844,""instant"":false,""timeserieslabels"":[""brushing""]},{""start"":15.440750000000001,""end"":18.04375,""instant"":false,""timeserieslabels"":[""brushing""]},{""start"":20.84175,""end"":23.04475,""instant"":false,""timeserieslabels"":[""brushing""]},{""start"":24.8415,""end"":27.6424,""instant"":false,""timeserieslabels"":[""brushing""]},{""start"":29.24125,""end"":31.844,""instant"":false,""timeserieslabels"":[""brushing""]},{""start"":34.242,""end"":36.845,""instant"":false,""timeserieslabels"":[""brushing""]},{""start"":38.842,""end"":41.6405,""instant"":false,""timeserieslabels"":[""brushing""]},{""start"":43.84275,""end"":46.04333333333333,""instant"":false,""timeserieslabels"":[""brushing""]},{""start"":48.6435,""end"":51.2415,""instant"":false,""timeserieslabels"":[""brushing""]},{""start"":53.44425,""end"":55.6415,""instant"":false,""timeserieslabels"":[""brushing""]},{""start"":57.843999999999994,""end"":60.442,""instant"":false,""timeserieslabels"":[""brushing""]},{""start"":63.84075,""end"":65.843,""instant"":false,""timeserieslabels"":[""brushing""]},{""start"":68.04075,""end"":70.24325,""instant"":false,""timeserieslabels"":[""brushing""]},{""start"":72.44075000000001,""end"":74.8435,""instant"":false,""timeserieslabels"":[""brushing""]},{""start"":76.44266666666667,""end"":79.24325,""instant"":false,""timeserieslabels"":[""brushing""]},{""start"":81.241,""end"":83.24275,""instant"":false,""timeserieslabels"":[""docked""]}]",131.726,"/data/upload/6/f6ae70d1-label_S2-S5-S1-M-R-A-40-M-2-A.csv","2024-12-29T17:40:38.444363Z"
128,"1","2024-12-29T17:42:06.258005Z",215,"[{""start"":10.04825,""end"":14.64825,""instant"":false,""timeserieslabels"":[""brushing""]},{""start"":0.0475,""end"":6.64975,""instant"":false,""timeserieslabels"":[""docked""]},{""start"":18.2475,""end"":23.84825,""instant"":false,""timeserieslabels"":[""brushing""]},{""start"":27.04675,""end"":37.648250000000004,""instant"":false,""timeserieslabels"":[""brushing""]},{""start"":40.84675,""end"":46.2475,""instant"":false,""timeserieslabels"":[""brushing""]},{""start"":48.849999999999994,""end"":55.648,""instant"":false,""timeserieslabels"":[""brushing""]},{""start"":58.046,""end"":63.848,""instant"":false,""timeserieslabels"":[""brushing""]},{""start"":67.04625,""end"":71.24833333333333,""instant"":false,""timeserieslabels"":[""brushing""]},{""start"":74.4495,""end"":78.449,""instant"":false,""timeserieslabels"":[""brushing""]},{""start"":81.04675,""end"":86.84825000000001,""instant"":false,""timeserieslabels"":[""brushing""]},{""start"":89.44624999999999,""end"":94.44725,""instant"":false,""timeserieslabels"":[""brushing""]},{""start"":97.849,""end"":104.64825,""instant"":false,""timeserieslabels"":[""brushing""]},{""start"":107.84700000000001,""end"":114.249,""instant"":false,""timeserieslabels"":[""brushing""]},{""start"":116.84649999999999,""end"":122.84825000000001,""instant"":false,""timeserieslabels"":[""brushing""]},{""start"":125.04839999999999,""end"":132.249,""instant"":false,""timeserieslabels"":[""brushing""]},{""start"":134.24833333333333,""end"":139.24859999999998,""instant"":false,""timeserieslabels"":[""brushing""]},{""start"":141.04825,""end"":151.44925,""instant"":false,""timeserieslabels"":[""brushing""]},{""start"":160.85,""end"":162.04866666666666,""instant"":false,""timeserieslabels"":[""docked""]}]",84.509,"/data/upload/6/3bafe2a0-label_S2-S4-S5-F-R-A-26-M-1-A.csv","2024-12-29T17:42:06.258030Z"
129,"1","2024-12-29T17:43:44.644284Z",216,"[{""start"":0.11275,""end"":3.5115,""instant"":false,""timeserieslabels"":[""docked""]},{""start"":9.91375,""end"":14.914,""instant"":false,""timeserieslabels"":[""brushing""]},{""start"":18.5135,""end"":24.7155,""instant"":false,""timeserieslabels"":[""brushing""]},{""start"":27.914250000000003,""end"":36.1135,""instant"":false,""timeserieslabels"":[""brushing""]},{""start"":39.71275,""end"":47.511,""instant"":false,""timeserieslabels"":[""brushing""]},{""start"":50.71475,""end"":56.31333333333333,""instant"":false,""timeserieslabels"":[""brushing""]},{""start"":59.915,""end"":67.714,""instant"":false,""timeserieslabels"":[""brushing""]},{""start"":70.91225,""end"":79.91300000000001,""instant"":false,""timeserieslabels"":[""brushing""]},{""start"":83.51225,""end"":91.31125,""instant"":false,""timeserieslabels"":[""brushing""]},{""start"":94.515,""end"":101.71325,""instant"":false,""timeserieslabels"":[""brushing""]},{""start"":106.71424999999999,""end"":111.91499999999999,""instant"":false,""timeserieslabels"":[""brushing""]},{""start"":115.114,""end"":121.1155,""instant"":false,""timeserieslabels"":[""brushing""]},{""start"":123.914,""end"":129.91500000000002,""instant"":false,""timeserieslabels"":[""brushing""]},{""start"":132.71325000000002,""end"":137.91425,""instant"":false,""timeserieslabels"":[""brushing""]},{""start"":140.51225,""end"":144.91199999999998,""instant"":false,""timeserieslabels"":[""brushing""]},{""start"":146.514,""end"":152.716,""instant"":false,""timeserieslabels"":[""brushing""]},{""start"":155.915,""end"":161.3115,""instant"":false,""timeserieslabels"":[""brushing""]}]",96.827,"/data/upload/6/4e58bda3-label_S2-S4-S4-F-R-A-26-M-1-A.csv","2024-12-29T17:43:44.644300Z"
130,"1","2024-12-29T17:45:02.438170Z",217,"[{""start"":10.349,""end"":13.748000000000001,""instant"":false,""timeserieslabels"":[""brushing""]},{""start"":17.349999999999998,""end"":21.747,""instant"":false,""timeserieslabels"":[""brushing""]},{""start"":24.95075,""end"":31.14775,""instant"":false,""timeserieslabels"":[""brushing""]},{""start"":34.949666666666666,""end"":43.352,""instant"":false,""timeserieslabels"":[""brushing""]},{""start"":46.75025,""end"":53.548249999999996,""instant"":false,""timeserieslabels"":[""brushing""]},{""start"":57.148,""end"":63.3505,""instant"":false,""timeserieslabels"":[""brushing""]},{""start"":66.3485,""end"":70.54875,""instant"":false,""timeserieslabels"":[""brushing""]},{""start"":73.54966666666667,""end"":79.549,""instant"":false,""timeserieslabels"":[""brushing""]},{""start"":82.948,""end"":86.94775,""instant"":false,""timeserieslabels"":[""brushing""]},{""start"":91.54825,""end"":98.55125,""instant"":false,""timeserieslabels"":[""brushing""]},{""start"":103.55033333333334,""end"":108.5485,""instant"":false,""timeserieslabels"":[""brushing""]},{""start"":113.149,""end"":121.349,""instant"":false,""timeserieslabels"":[""brushing""]},{""start"":125.5495,""end"":130.35025000000002,""instant"":false,""timeserieslabels"":[""brushing""]},{""start"":133.749,""end"":138.349,""instant"":false,""timeserieslabels"":[""brushing""]},{""start"":141.548,""end"":146.95,""instant"":false,""timeserieslabels"":[""brushing""]},{""start"":149.94875,""end"":155.15025,""instant"":false,""timeserieslabels"":[""brushing""]},{""start"":157.9485,""end"":162.942,""instant"":false,""timeserieslabels"":[""docked""]}]",75.717,"/data/upload/6/5c0e4605-label_S2-S4-S3-F-R-A-26-M-1-A.csv","2024-12-29T17:45:02.438191Z"
131,"1","2024-12-29T17:48:03.785777Z",218,"[{""start"":0.11674999999999999,""end"":1.31325,""instant"":false,""timeserieslabels"":[""docked""]},{""start"":11.71475,""end"":14.71275,""instant"":false,""timeserieslabels"":[""brushing""]},{""start"":17.91433333333333,""end"":22.3144,""instant"":false,""timeserieslabels"":[""brushing""]},{""start"":25.31525,""end"":29.715249999999997,""instant"":false,""timeserieslabels"":[""brushing""]},{""start"":32.51325,""end"":37.3135,""instant"":false,""timeserieslabels"":[""brushing""]},{""start"":40.114666666666665,""end"":45.11275,""instant"":false,""timeserieslabels"":[""brushing""]},{""start"":47.51525,""end"":51.3145,""instant"":false,""timeserieslabels"":[""brushing""]},{""start"":54.513000000000005,""end"":59.31275,""instant"":false,""timeserieslabels"":[""brushing""]},{""start"":61.716,""end"":66.714,""instant"":false,""timeserieslabels"":[""brushing""]},{""start"":69.715,""end"":74.9165,""instant"":false,""timeserieslabels"":[""brushing""]},{""start"":79.51675,""end"":84.31466666666667,""instant"":false,""timeserieslabels"":[""brushing""]},{""start"":88.11366666666667,""end"":91.71525,""instant"":false,""timeserieslabels"":[""brushing""]},{""start"":94.51325,""end"":100.11500000000001,""instant"":false,""timeserieslabels"":[""brushing""]},{""start"":102.713,""end"":107.11325,""instant"":false,""timeserieslabels"":[""brushing""]},{""start"":109.51575,""end"":114.116,""instant"":false,""timeserieslabels"":[""brushing""]},{""start"":116.313,""end"":122.11475,""instant"":false,""timeserieslabels"":[""brushing""]},{""start"":124.11466666666666,""end"":128.51466666666667,""instant"":false,""timeserieslabels"":[""brushing""]},{""start"":132.11675,""end"":137.31480000000002,""instant"":false,""timeserieslabels"":[""docked""]}]",179.663,"/data/upload/6/60d76e8a-label_S2-S4-S2-F-R-A-26-M-1-A.csv","2024-12-29T17:48:03.785793Z"
132,"1","2024-12-29T17:49:35.456319Z",219,"[{""start"":0.1675,""end"":7.16725,""instant"":false,""timeserieslabels"":[""docked""]},{""start"":11.96725,""end"":16.36725,""instant"":false,""timeserieslabels"":[""brushing""]},{""start"":19.971,""end"":25.96725,""instant"":false,""timeserieslabels"":[""brushing""]},{""start"":29.166,""end"":34.1665,""instant"":false,""timeserieslabels"":[""brushing""]},{""start"":36.97,""end"":41.3695,""instant"":false,""timeserieslabels"":[""brushing""]},{""start"":43.96725,""end"":47.7665,""instant"":false,""timeserieslabels"":[""brushing""]},{""start"":50.569500000000005,""end"":55.770250000000004,""instant"":false,""timeserieslabels"":[""brushing""]},{""start"":57.96775,""end"":61.76725,""instant"":false,""timeserieslabels"":[""brushing""]},{""start"":64.77025,""end"":70.1665,""instant"":false,""timeserieslabels"":[""brushing""]},{""start"":73.768,""end"":77.57,""instant"":false,""timeserieslabels"":[""brushing""]},{""start"":80.568,""end"":84.167,""instant"":false,""timeserieslabels"":[""brushing""]},{""start"":88.167,""end"":91.97075,""instant"":false,""timeserieslabels"":[""brushing""]},{""start"":95.97,""end"":99.56925,""instant"":false,""timeserieslabels"":[""brushing""]},{""start"":102.167,""end"":105.36833333333334,""instant"":false,""timeserieslabels"":[""brushing""]},{""start"":107.96875,""end"":111.96799999999999,""instant"":false,""timeserieslabels"":[""brushing""]},{""start"":115.167,""end"":119.166,""instant"":false,""timeserieslabels"":[""brushing""]},{""start"":121.769,""end"":126.369,""instant"":false,""timeserieslabels"":[""brushing""]},{""start"":130.96975,""end"":134.168,""instant"":false,""timeserieslabels"":[""docked""]}]",89.82,"/data/upload/6/0abd3cf0-label_S2-S4-S1-F-R-A-26-M-1-A.csv","2024-12-29T17:49:35.456337Z"
133,"1","2024-12-29T17:51:20.099647Z",220,"[{""start"":0.07633333333333332,""end"":5.67625,""instant"":false,""timeserieslabels"":[""docked""]},{""start"":10.27725,""end"":19.87425,""instant"":false,""timeserieslabels"":[""brushing""]},{""start"":26.4775,""end"":38.0775,""instant"":false,""timeserieslabels"":[""brushing""]},{""start"":44.67675,""end"":53.67775,""instant"":false,""timeserieslabels"":[""brushing""]},{""start"":60.076,""end"":66.87666666666667,""instant"":false,""timeserieslabels"":[""brushing""]},{""start"":72.2765,""end"":79.67625,""instant"":false,""timeserieslabels"":[""brushing""]},{""start"":86.67525,""end"":93.47633333333333,""instant"":false,""timeserieslabels"":[""brushing""]},{""start"":99.07675,""end"":107.27675,""instant"":false,""timeserieslabels"":[""brushing""]},{""start"":111.677,""end"":118.87525,""instant"":false,""timeserieslabels"":[""brushing""]},{""start"":124.077,""end"":132.27800000000002,""instant"":false,""timeserieslabels"":[""brushing""]},{""start"":137.4745,""end"":144.476,""instant"":false,""timeserieslabels"":[""brushing""]},{""start"":149.27525,""end"":156.67425,""instant"":false,""timeserieslabels"":[""brushing""]},{""start"":161.876,""end"":171.478,""instant"":false,""timeserieslabels"":[""brushing""]},{""start"":176.875,""end"":184.675,""instant"":false,""timeserieslabels"":[""brushing""]},{""start"":189.67625,""end"":198.077,""instant"":false,""timeserieslabels"":[""brushing""]},{""start"":202.87825,""end"":210.07675,""instant"":false,""timeserieslabels"":[""brushing""]},{""start"":215.078,""end"":222.27725,""instant"":false,""timeserieslabels"":[""brushing""]},{""start"":225.67625,""end"":229.07525,""instant"":false,""timeserieslabels"":[""docked""]}]",102.158,"/data/upload/6/afefc859-label_S2-S2-S5-M-R-A-29-M-1-A.csv","2024-12-29T17:51:20.099663Z"
134,"1","2024-12-29T17:52:52.415278Z",221,"[{""start"":0.033,""end"":6.03,""instant"":false,""timeserieslabels"":[""docked""]},{""start"":10.43,""end"":19.43,""instant"":false,""timeserieslabels"":[""brushing""]},{""start"":26.63325,""end"":39.43325,""instant"":false,""timeserieslabels"":[""brushing""]},{""start"":46.6315,""end"":56.63275,""instant"":false,""timeserieslabels"":[""brushing""]},{""start"":63.43025,""end"":74.233,""instant"":false,""timeserieslabels"":[""brushing""]},{""start"":80.03,""end"":88.83075,""instant"":false,""timeserieslabels"":[""brushing""]},{""start"":94.6325,""end"":106.23,""instant"":false,""timeserieslabels"":[""brushing""]},{""start"":112.23175,""end"":122.033,""instant"":false,""timeserieslabels"":[""brushing""]},{""start"":128.23075,""end"":136.43,""instant"":false,""timeserieslabels"":[""brushing""]},{""start"":141.83125,""end"":149.83025,""instant"":false,""timeserieslabels"":[""brushing""]},{""start"":155.232,""end"":164.43225,""instant"":false,""timeserieslabels"":[""brushing""]},{""start"":170.03166666666667,""end"":180.632,""instant"":false,""timeserieslabels"":[""brushing""]},{""start"":186.63400000000001,""end"":194.83325,""instant"":false,""timeserieslabels"":[""brushing""]},{""start"":200.23000000000002,""end"":209.23025,""instant"":false,""timeserieslabels"":[""brushing""]},{""start"":214.031,""end"":222.83100000000002,""instant"":false,""timeserieslabels"":[""brushing""]},{""start"":227.63150000000002,""end"":235.631,""instant"":false,""timeserieslabels"":[""brushing""]},{""start"":241.03199999999998,""end"":249.0315,""instant"":false,""timeserieslabels"":[""brushing""]},{""start"":252.43075,""end"":256.03,""instant"":false,""timeserieslabels"":[""docked""]}]",90.738,"/data/upload/6/afad1e4d-label_S2-S2-S4-M-R-A-29-M-1-A.csv","2024-12-29T17:52:52.415295Z"
135,"1","2024-12-29T17:54:34.550013Z",222,"[{""start"":0.09825,""end"":5.8984000000000005,""instant"":false,""timeserieslabels"":[""docked""]},{""start"":9.901,""end"":20.29875,""instant"":false,""timeserieslabels"":[""brushing""]},{""start"":26.49675,""end"":37.10025,""instant"":false,""timeserieslabels"":[""brushing""]},{""start"":42.69725,""end"":53.099999999999994,""instant"":false,""timeserieslabels"":[""brushing""]},{""start"":58.69675,""end"":67.49799999999999,""instant"":false,""timeserieslabels"":[""brushing""]},{""start"":74.297,""end"":84.69975,""instant"":false,""timeserieslabels"":[""brushing""]},{""start"":90.296,""end"":99.69775,""instant"":false,""timeserieslabels"":[""brushing""]},{""start"":105.30025,""end"":114.499,""instant"":false,""timeserieslabels"":[""brushing""]},{""start"":120.09825,""end"":128.49925000000002,""instant"":false,""timeserieslabels"":[""brushing""]},{""start"":134.89775,""end"":143.899,""instant"":false,""timeserieslabels"":[""brushing""]},{""start"":149.897,""end"":158.297,""instant"":false,""timeserieslabels"":[""brushing""]},{""start"":163.899,""end"":173.29833333333332,""instant"":false,""timeserieslabels"":[""brushing""]},{""start"":178.49725,""end"":188.7,""instant"":false,""timeserieslabels"":[""brushing""]},{""start"":193.69650000000001,""end"":203.0985,""instant"":false,""timeserieslabels"":[""brushing""]},{""start"":207.69975,""end"":218.4985,""instant"":false,""timeserieslabels"":[""brushing""]},{""start"":223.5,""end"":233.2975,""instant"":false,""timeserieslabels"":[""brushing""]},{""start"":237.69774999999998,""end"":247.0995,""instant"":false,""timeserieslabels"":[""brushing""]},{""start"":250.09875,""end"":253.2975,""instant"":false,""timeserieslabels"":[""docked""]}]",100.578,"/data/upload/6/ccfe18be-label_S2-S2-S3-M-R-A-29-M-1-A.csv","2024-12-29T17:54:34.550031Z"
136,"1","2024-12-29T17:56:18.489071Z",223,"[{""start"":0.18775,""end"":3.98725,""instant"":false,""timeserieslabels"":[""docked""]},{""start"":7.786,""end"":15.987333333333334,""instant"":false,""timeserieslabels"":[""brushing""]},{""start"":20.78525,""end"":28.188,""instant"":false,""timeserieslabels"":[""brushing""]},{""start"":32.388,""end"":40.9875,""instant"":false,""timeserieslabels"":[""brushing""]},{""start"":44.386250000000004,""end"":53.787,""instant"":false,""timeserieslabels"":[""brushing""]},{""start"":58.38725,""end"":67.988,""instant"":false,""timeserieslabels"":[""brushing""]},{""start"":72.38825,""end"":79.58675,""instant"":false,""timeserieslabels"":[""brushing""]},{""start"":83.386,""end"":93.387,""instant"":false,""timeserieslabels"":[""brushing""]},{""start"":98.388,""end"":106.988,""instant"":false,""timeserieslabels"":[""brushing""]},{""start"":111.18775,""end"":117.986,""instant"":false,""timeserieslabels"":[""brushing""]},{""start"":123.38725,""end"":131.58675,""instant"":false,""timeserieslabels"":[""brushing""]},{""start"":136.78725,""end"":146.38875,""instant"":false,""timeserieslabels"":[""brushing""]},{""start"":151.387,""end"":158.78775,""instant"":false,""timeserieslabels"":[""brushing""]},{""start"":162.9875,""end"":170.78625,""instant"":false,""timeserieslabels"":[""brushing""]},{""start"":174.38575,""end"":181.78666666666666,""instant"":false,""timeserieslabels"":[""brushing""]},{""start"":184.38725,""end"":190.7876666666667,""instant"":false,""timeserieslabels"":[""brushing""]},{""start"":194.38925,""end"":201.988,""instant"":false,""timeserieslabels"":[""brushing""]},{""start"":205.387,""end"":209.38625000000002,""instant"":false,""timeserieslabels"":[""docked""]}]",102.165,"/data/upload/6/720ce74f-label_S2-S2-S2-M-R-A-29-M-1-A.csv","2024-12-29T17:56:18.489089Z"
137,"1","2024-12-29T17:57:48.054847Z",224,"[{""start"":0.04225,""end"":5.444,""instant"":false,""timeserieslabels"":[""docked""]},{""start"":8.4435,""end"":18.043,""instant"":false,""timeserieslabels"":[""brushing""]},{""start"":22.842,""end"":32.445,""instant"":false,""timeserieslabels"":[""brushing""]},{""start"":37.04075,""end"":45.4415,""instant"":false,""timeserieslabels"":[""brushing""]},{""start"":49.641999999999996,""end"":58.042249999999996,""instant"":false,""timeserieslabels"":[""brushing""]},{""start"":61.842,""end"":70.04275,""instant"":false,""timeserieslabels"":[""brushing""]},{""start"":73.8425,""end"":82.24375,""instant"":false,""timeserieslabels"":[""brushing""]},{""start"":86.04375,""end"":94.24375,""instant"":false,""timeserieslabels"":[""brushing""]},{""start"":98.044,""end"":106.4445,""instant"":false,""timeserieslabels"":[""brushing""]},{""start"":110.04425,""end"":116.64275,""instant"":false,""timeserieslabels"":[""brushing""]},{""start"":120.042,""end"":125.8445,""instant"":false,""timeserieslabels"":[""brushing""]},{""start"":130.64075,""end"":136.84300000000002,""instant"":false,""timeserieslabels"":[""brushing""]},{""start"":140.64274999999998,""end"":142.64025,""instant"":false,""timeserieslabels"":[""brushing""]},{""start"":144.24275,""end"":149.04375,""instant"":false,""timeserieslabels"":[""brushing""]},{""start"":152.644,""end"":160.84425,""instant"":false,""timeserieslabels"":[""brushing""]},{""start"":164.04375,""end"":170.642,""instant"":false,""timeserieslabels"":[""brushing""]},{""start"":173.841,""end"":180.244,""instant"":false,""timeserieslabels"":[""brushing""]},{""start"":183.44299999999998,""end"":188.845,""instant"":false,""timeserieslabels"":[""brushing""]}]",88.227,"/data/upload/6/99b84e10-label_S2-S2-S1-M-R-A-29-M-1-A.csv","2024-12-29T17:57:48.054864Z"
138,"1","2024-12-29T17:59:09.322153Z",225,"[{""start"":0.007,""end"":5.609,""instant"":false,""timeserieslabels"":[""docked""]},{""start"":9.008,""end"":14.20875,""instant"":false,""timeserieslabels"":[""brushing""]},{""start"":18.409,""end"":25.207,""instant"":false,""timeserieslabels"":[""brushing""]},{""start"":28.80625,""end"":35.20825,""instant"":false,""timeserieslabels"":[""brushing""]},{""start"":39.80825,""end"":44.60875,""instant"":false,""timeserieslabels"":[""brushing""]},{""start"":47.607,""end"":53.60925,""instant"":false,""timeserieslabels"":[""brushing""]},{""start"":57.00825,""end"":61.8085,""instant"":false,""timeserieslabels"":[""brushing""]},{""start"":66.2085,""end"":72.20766666666667,""instant"":false,""timeserieslabels"":[""brushing""]},{""start"":76.20739999999999,""end"":80.805,""instant"":false,""timeserieslabels"":[""brushing""]},{""start"":84.609,""end"":92.408,""instant"":false,""timeserieslabels"":[""brushing""]},{""start"":95.4065,""end"":100.20675,""instant"":false,""timeserieslabels"":[""brushing""]},{""start"":104.40675,""end"":113.20725,""instant"":false,""timeserieslabels"":[""brushing""]},{""start"":117.60775,""end"":125.80675,""instant"":false,""timeserieslabels"":[""brushing""]},{""start"":129.606,""end"":135.80825,""instant"":false,""timeserieslabels"":[""brushing""]},{""start"":139.60775,""end"":145.6074,""instant"":false,""timeserieslabels"":[""brushing""]},{""start"":149.00900000000001,""end"":155.4065,""instant"":false,""timeserieslabels"":[""brushing""]},{""start"":159.80599999999998,""end"":165.40699999999998,""instant"":false,""timeserieslabels"":[""brushing""]},{""start"":168.4055,""end"":171.20850000000002,""instant"":false,""timeserieslabels"":[""docked""]}]",79.661,"/data/upload/6/581df52d-label_S2-S9-S3-M-R-A-30-M-2-A.csv","2024-12-29T17:59:09.322174Z"
